Sample_Size,Year,All_Rules,Best_Rules
295,2002,40,1
311,2003,112,7
338,2004,88,8
316,2005,40,4
295,2006,192,22
256,2007,40,10
250,2008,72,2
247,2009,55,2
269,2010,80,10
215,2011,40,5
271,2012,41,2
227,2013,33,17
205,2014,52,2
227,2015,88,23
174,2016,52,20
271,2017,40,12
310,2018,304,26
286,2019,72,14
386,2021,240,27
,,88.47368421,11.26315789
,,75.33581738,8.843340905
