"Comparison","Chi_Square","P_Value","Adjusted_P_Value"
"NAHLN vs NARMS_CECAL",211.945002516088,5.17047540364135e-48,1.5511426210924e-47
"NAHLN vs NARMS_MEAT",289.474162943819,6.47339043831276e-65,1.94201713149383e-64
"NARMS_CECAL vs NARMS_MEAT",38.4146495835994,5.72013888820067e-10,1.7160416664602e-09
