"Data_Source","Mean_Genes","SD_Genes","Variance","Dispersion_Ratio"
"NARMS_MEAT",5.46494464944649,4.41642070396627,19.5047718344219,3.92474871685916
"NARMS_CECAL",6.43368592351505,4.31343683142222,18.6057372986698,3.92474871685916
"NAHLN",11.1266666666667,7.27187891575763,52.8802229654404,3.92474871685916
