Sample_Size,Year,All_Rules,Best_Rules
406,2018,32,12
635,2019,32,8
481,2020,20,12
530,2021,32,12
419,2022,17,11
,,26.6,11
,,7.469939759,1.732050808
