Sample_Size,Year,All_Rules,Best_Rules
406,2018,192,56
635,2019,192,25
481,2020,100,40
530,2021,192,32
419,2022,85,30
,,152.2,36.6
,,54.75582161,12.11610498
