Sample_Size,Year,All_Rules,Best_Rules
142,2017,311,94
123,2018,470,59
271,2019,1245,193
167,2020,293,41
343,2021,1041,115
,,672,100.4
,,441.3773895,59.3110445
