Sample_Size,Year,All_Rules,Best_Rules
87,2017,1524,154
409,2018,2416,143
188,2020,5696,172
165,2021,3840,286
,,3369,188.75
,,1821.080632,65.92609499
